WAR,WAR
PAX,PAX
ART,ART
LAW,LAW
GUN,GUN
SPY,SPY
SKY,SKY
TEA,TEA
ACT,ACT
BUS,BUS
DNA,DNA
WEB,WEB
ICE,ICE
CAR,CAR
JET,JET
OIL,OIL
CRY,CRY
POD,POD
OAK,OAK
MUD,MUD
ASH,ASH
FUN,FUN
JOY,JOY
KEY,KEY
PEN,PEN
AXIS,AXIS
NAVY,NAVY
VOTE,VOTE
KING,KING
COAL,COAL
ARCH,ARCH
MARS,MARS
SILK,SILK
CODE,CODE
GOLD,GOLD
CITY,CITY
LAND,LAND
MOON,MOON
FARM,FARM
RAIL,RAIL
BOOK,BOOK
PORT,PORT
JAZZ,JAZZ
ATOM,ATOM
BOMB,BOMB
CHIP,CHIP
DATA,DATA
DRUG,DRUG
FIRE,FIRE
LOVE,LOVE
GENE,GENE
GAME,GAME
HOPE,HOPE
HACK,HACK
WORLD,WORLD
YEAR,YEAR
XRAY,XRAY
PEACE,PEACE
CROWN,CROWN
MARCH,MARCH
SLAVE,SLAVE
TRADE,TRADE
STEEL,STEEL
POWER,POWER
UNION,UNION
RIGHTS,RIGHTS
PLAGUE,PLAGUE
FLEET,FLEET
GRAIN,GRAIN
MONEY,MONEY
SIEGE,SIEGE
REBEL,REBEL
FAITH,FAITH
PRESS,PRESS
DRAFT,DRAFT
TORCH,TORCH
OCEAN,OCEAN
HORSE,HORSE
SPEAR,SPEAR
ARMOR,ARMOR
NOBLE,NOBLE
QUEST,QUEST
WITCH,WITCH
SPICE,SPICE
CANAL,CANAL
VALOR,VALOR
EMPIRE,EMPIRE
TREATY,TREATY
COLONY,COLONY
MARKET,MARKET
TEMPLE,TEMPLE
CASTLE,CASTLE
KNIGHT,KNIGHT
FOREST,FOREST
MUSEUM,MUSEUM
FABRIC,FABRIC
BRONZE,BRONZE
SILVER,SILVER
RITUAL,RITUAL
LEGEND,LEGEND
PIRATE,PIRATE
PALACE,PALACE
STATUE,STATUE
FAMINE,FAMINE
BATTLE,BATTLE
VOYAGE,VOYAGE
GUITAR,GUITAR
FREEDOM,FREEDOM
CULTURE,CULTURE
CAPITAL,CAPITAL
HISTORY,HISTORY
SOLDIER,SOLDIER
EXPLORE,EXPLORE
JOURNEY,JOURNEY
ANCIENT,ANCIENT
FICTION,FICTION
LIBRARY,LIBRARY
ECONOMY,ECONOMY
COUNTRY,COUNTRY
NATURAL,NATURAL
SCIENCE,SCIENCE
ARTISAN,ARTISAN
MYSTERY,MYSTERY
DIGITAL,DIGITAL
DISCOVERY,DISCOVERY
CAMPAIGN,CAMPAIGN
MONARCHY,MONARCHY
RELIGION,RELIGION
CRUSADER,CRUSADER
COLONIAL,COLONIAL
EPIDEMIC,EPIDEMIC
CURRENCY,CURRENCY
MILITARY,MILITARY
FESTIVAL,FESTIVAL
MARITIME,MARITIME
STRATEGY,STRATEGY
HERITAGE,HERITAGE
DYNASTY,DYNASTY
TEACHING,TEACHING
MEDICINE,MEDICINE
POLITICS,POLITICS
COMMERCE,COMMERCE
AGRICULTURE,AGRICULTURE
ARCHAEOLOGY,ARCHAEOLOGY
CAPITALISM,CAPITALISM
CIVILWAR,CIVIL WAR
CIVILIZATION,CIVILIZATION
COLONIZATION,COLONIZATION
COMMUNISM,COMMUNISM
CONFEDERATION,CONFEDERATION
CONSTITUTION,CONSTITUTION
CONTINENT,CONTINENT
DEMOCRACY,DEMOCRACY
DEMOCRATIZATION,DEMOCRATIZATION
DIPLOMACY,DIPLOMACY
EMANCIPATION,EMANCIPATION
ENLIGHTENMENT,ENLIGHTENMENT
EXPEDITION,EXPEDITION
EXPLORATION,EXPLORATION
FEDERATION,FEDERATION
GLOBALWAR,GLOBAL WAR
GLOBALIZATION,GLOBALIZATION
HUMANRIGHTS,HUMAN RIGHTS
INDEPENDENCE,INDEPENDENCE
INDUSTRIAL,INDUSTRIAL
INDUSTRIALIZATION,INDUSTRIALIZATION
INFORMATIONAGE,INFORMATION AGE
INNOVATION,INNOVATION
LEGISLATION,LEGISLATION
LIBERALISM,LIBERALISM
NATIONALISM,NATIONALISM
NAVIGATION,NAVIGATION
NEOLIBERALISM,NEOLIBERALISM
NOMADICTRIBE,NOMADIC TRIBE
OBSERVATORY,OBSERVATORY
PATRIARCH,PATRIARCH
PHILANTHROPY,PHILANTHROPY
PHILOSOPHY,PHILOSOPHY
PROPAGANDA,PROPAGANDA
REFORMATION,REFORMATION
RENAISSANCE,RENAISSANCE
REPUBLICANISM,REPUBLICANISM
REVOLUTION,REVOLUTION
REVOLUTIONARY,REVOLUTIONARY
SECULARISM,SECULARISM
SOCIALISM,SOCIALISM
SOVEREIGN,SOVEREIGN
SUSTAINABILITY,SUSTAINABILITY
TECHNOLOGY,TECHNOLOGY
TERRITORY,TERRITORY
TOTALITARIAN,TOTALITARIAN
URBANIZATION,URBANIZATION